url,lastmod
https://basicarts.org/the-strategy-for-cool/,2015-12-14 11:48 +00:00
https://basicarts.org/your-business-doesnt-deserve-to-exist-probably/,2016-01-04 14:27 +00:00
https://basicarts.org/why-brands-struggle-with-purpose/,2016-05-06 13:37 +00:00
https://basicarts.org/do-marketing-departments-stand-in-the-way-of-great-marketing/,2017-04-07 11:24 +00:00
https://basicarts.org/a-business-should-be-a-creative-brief-2/,2017-04-28 15:57 +00:00
https://basicarts.org/when-it-comes-to-selling-facts-are-good-emotions-are-better-but-emotional-facts-are-dynamite/,2017-06-07 15:29 +00:00
https://basicarts.org/kfc-complaints-show-us-that-advertising-is-not-an-exercise-in-wish-fulfilment/,2017-08-04 09:40 +00:00
https://basicarts.org/purpose-is-broken-heres-how-to-fix-it/,2017-08-15 13:50 +00:00
https://basicarts.org/how-should-we-organise-our-marketing-departments/,2017-08-29 12:44 +00:00
https://basicarts.org/how-to-bring-your-people-with-you/,2017-09-04 07:58 +00:00
https://basicarts.org/united-enjoyed-record-quarter-dragging-guy-off-plane/,2017-11-21 15:16 +00:00
https://basicarts.org/competitors-youre-not-right/,2017-12-19 19:35 +00:00
https://basicarts.org/john-lewis-christmas-ad-formula-will-never-ever-get-tired/,2017-12-19 19:53 +00:00
https://basicarts.org/interview-mark-constantine-made-lush-uks-admired-brand-without-advertising/,2018-01-08 17:25 +00:00
https://basicarts.org/ever-ok-just-accept-declining-sales/,2018-01-29 14:17 +00:00
https://basicarts.org/its-not-the-why-that-matters-its-the-how/,2018-02-19 13:22 +00:00
https://basicarts.org/rise-fall-parasite-brands/,2018-03-20 09:29 +00:00
https://basicarts.org/passed-peak-innovation/,2018-03-20 09:44 +00:00
https://basicarts.org/let-company-find-way/,2018-04-06 14:50 +00:00
https://basicarts.org/is-the-internet-complete/,2018-04-20 12:16 +00:00
https://basicarts.org/have-love-for-your-competitors/,2018-05-04 11:49 +00:00
https://basicarts.org/know-companys-true-nature/,2018-05-25 14:33 +00:00
https://basicarts.org/the-limits-of-expertise/,2018-06-08 11:05 +00:00
https://basicarts.org/in-praise-of-cannibalisation/,2018-06-12 13:32 +00:00
https://basicarts.org/why-the-future-may-look-more-familiar-than-you-think/,2018-08-31 11:15 +00:00
https://basicarts.org/the-power-of-an-unfashionable-business/,2018-08-31 11:29 +00:00
https://basicarts.org/marketing-needs-more-cynicism/,2018-09-13 08:58 +00:00
https://basicarts.org/the-self-loathing-business/,2018-10-25 10:06 +00:00
https://basicarts.org/steve-jobs-is-a-bad-business-role-model/,2018-10-28 12:19 +00:00
https://basicarts.org/why-big-brand-thinking-is-poison-for-independents/,2018-11-29 15:46 +00:00
https://basicarts.org/gillette-the-latest-brand-to-succumb-to-the-marketers-fallacy/,2019-01-17 12:01 +00:00
https://basicarts.org/new-publication-make-companies-without-competitors/,2019-01-24 16:56 +00:00
https://basicarts.org/why-new-brands-need-to-be-less-ethical/,2019-03-19 11:54 +00:00
https://basicarts.org/when-great-design-is-bad/,2019-05-08 09:18 +00:00
https://basicarts.org/the-art-of-changing-nothing/,2019-06-16 14:50 +00:00
https://basicarts.org/the-one-click-rule/,2019-06-20 15:48 +00:00
https://basicarts.org/the-data-delusion/,2019-07-25 12:02 +00:00
https://basicarts.org/the-upgrade-paradox-why-great-products-are-bad-for-business/,2019-08-09 15:42 +00:00
https://basicarts.org/what-nature-teaches-us-about-strategy/,2019-09-23 13:20 +00:00
https://basicarts.org/effort-is-the-enemy-why-success-shouldnt-be-hard-work/,2019-10-15 17:51 +00:00
https://basicarts.org/the-problem-with-strategic-models-and-why-i-dont-use-them/,2020-02-03 13:44 +00:00
https://basicarts.org/before-ideas-comes-action/,2020-05-15 14:25 +00:00
https://basicarts.org/the-inherent-danger-of-strategy/,2020-07-24 11:27 +00:00
https://basicarts.org/the-strategic-hierarchy-business-made-easy/,2021-09-27 14:42 +00:00
https://basicarts.org/the-challenger-trap-fighting-the-status-quo-with-the-status-quo/,2022-03-30 16:14 +00:00
https://basicarts.org/remapping-the-world-the-rise-of-horizontal-loyalty/,2022-06-22 13:32 +00:00
https://basicarts.org/how-i-grew-my-business/,2022-06-22 13:45 +00:00
https://basicarts.org/minimum-viable-strategy-the-art-of-leaving-things-alone/,2022-06-22 13:49 +00:00
https://basicarts.org/the-founders-dilemma-feat-dov-charney/,2022-06-22 13:55 +00:00
https://basicarts.org/moju/,2022-07-11 06:46 +00:00
https://basicarts.org/the-collective/,2022-07-11 06:46 +00:00
https://basicarts.org/biotiful-dairy/,2022-07-11 06:47 +00:00
https://basicarts.org/eat-natural/,2022-07-11 06:48 +00:00
https://basicarts.org/supergood/,2022-07-11 06:48 +00:00
https://basicarts.org/tiktok/,2022-07-11 06:49 +00:00
https://basicarts.org/doisy-dam/,2022-07-11 06:49 +00:00
https://basicarts.org/unbound/,2022-07-11 06:49 +00:00
https://basicarts.org/young-foodies/,2022-07-11 06:50 +00:00
https://basicarts.org/the-polymath-advantage-should-we-be-specialists-or-generalists/,2022-07-12 15:22 +00:00
https://basicarts.org/the-indispensable-art-of-cartography/,2022-07-12 15:26 +00:00
https://basicarts.org/how-to-be-truly-rebellious/,2022-10-07 11:19 +00:00
https://basicarts.org/glossary-of-strategic-ideas-volume-2/,2022-10-07 11:35 +00:00
https://basicarts.org/what-my-strategy-documents-look-like/,2022-10-07 13:30 +00:00
https://basicarts.org/the-how-cascade-where-goals-end-and-strategy-begins/,2022-10-07 13:35 +00:00
https://basicarts.org/two-cool-concepts-for-intellectual-humility/,2023-04-26 10:08 +00:00
https://basicarts.org/why-successful-founders-give-the-worst-advice/,2023-04-26 10:21 +00:00
https://basicarts.org/the-crucial-difference-between-imagination-and-creativity/,2023-04-26 10:57 +00:00
https://basicarts.org/my-brand-is-doing-great-do-i-need-a-strategy/,2023-04-26 11:53 +00:00
https://basicarts.org/what-nature-teaches-us-about-strategy-2/,2023-04-26 14:02 +00:00
https://basicarts.org/what-i-learned-being-fired-twice/,2023-04-26 14:14 +00:00
https://basicarts.org/how-to-do-strategy-without-sacrifice/,2023-04-26 14:17 +00:00
https://basicarts.org/heres-how-to-get-your-organisation-to-commit-to-strategy/,2023-04-26 14:28 +00:00
https://basicarts.org/the-schizophrenia-machine-how-brands-remake-our-identities/,2023-04-26 14:41 +00:00
https://basicarts.org/what-are-non-value-strategies/,2023-04-26 14:53 +00:00
https://basicarts.org/stop-confusing-strategy-and-brand-strategy/,2023-04-26 15:10 +00:00
https://basicarts.org/simple-easy-fun-the-power-of-unconscious-strategy/,2023-04-26 15:30 +00:00
https://basicarts.org/the-fatal-flaw-of-trend-based-brands/,2023-04-26 15:51 +00:00
https://basicarts.org/is-advice-pointless/,2023-04-26 15:54 +00:00
https://basicarts.org/there-is-no-good-or-bad-only-congruent-or-incongruent/,2023-04-26 15:59 +00:00
https://basicarts.org/why-is-strategic-thinking-so-rare/,2023-04-26 16:01 +00:00
https://basicarts.org/taste-the-secret-ingredient/,2023-04-26 16:04 +00:00
https://basicarts.org/the-crushing-tedium-of-excellence/,2023-04-26 16:11 +00:00
https://basicarts.org/your-business-does-no-care-what-you-want/,2023-04-26 16:16 +00:00
https://basicarts.org/strategy-should-be-joyful/,2023-04-26 16:26 +00:00
https://basicarts.org/chatgpt-the-amish-and-the-friction-deficit/,2023-04-28 08:34 +00:00
https://basicarts.org/the-coming-of-the-desperate-brands/,2023-04-28 09:30 +00:00
https://basicarts.org/want-something-then-stop-trying-to-get-it/,2023-05-02 12:09 +00:00
https://basicarts.org/going-deep-on-strategy-with-the-hungry-podcast/,2023-05-22 14:11 +00:00
https://basicarts.org/the-cringe-test/,2023-06-21 09:42 +00:00
https://basicarts.org/how-to-write-a-tagline-that-transforms-a-business/,2023-06-23 09:19 +00:00
https://basicarts.org/does-negative-publicity-matter/,2023-06-23 09:53 +00:00
https://basicarts.org/a-shortcut-to-good-strategy/,2023-06-23 09:56 +00:00
https://basicarts.org/forget-purpose-do-this-instead/,2023-06-23 09:59 +00:00
https://basicarts.org/the-myth-of-visionary-leadership/,2023-06-23 10:00 +00:00
https://basicarts.org/how-not-to-sell-to-retailers/,2023-06-23 10:01 +00:00
https://basicarts.org/what-you-need-to-know-about-doing-a-tedx/,2023-06-23 10:13 +00:00
https://basicarts.org/tedx-talk-love-your-competitors-how-great-businesses-do-strategy/,2023-06-23 10:14 +00:00
https://basicarts.org/the-way-an-introduction-to-systemic-strategy/,2023-06-23 10:15 +00:00
https://basicarts.org/how-moral-posturing-killed-brand-purpose/,2023-06-23 10:39 +00:00
https://basicarts.org/why-are-smart-people-so-dumb/,2023-06-23 10:42 +00:00
https://basicarts.org/break-invisible-rules-the-easiest-way-to-stand-out/,2023-06-23 10:42 +00:00
https://basicarts.org/how-christmas-rewires-our-brain/,2023-06-23 10:44 +00:00
https://basicarts.org/how-aggression-creates-iconic-brands/,2023-06-23 10:45 +00:00
https://basicarts.org/dare-to-be-bad-at-something/,2023-06-23 10:46 +00:00
https://basicarts.org/how-to-make-an-innovative-product-idea-go-mainstream/,2023-06-23 10:50 +00:00
https://basicarts.org/break-point-an-introduction-to-the-strategic-lifecycle/,2023-06-23 10:53 +00:00
https://basicarts.org/strategy-can-never-be-scientific/,2023-06-23 10:54 +00:00
https://basicarts.org/the-utility-of-the-open-mind/,2023-06-23 11:00 +00:00
https://basicarts.org/the-hidden-choice-between-growth-and-survival/,2023-06-23 11:01 +00:00
https://basicarts.org/there-are-only-two-types-of-company-which-is-yours/,2023-06-23 11:22 +00:00
https://basicarts.org/product-market-fit-not-just-for-tech-brands/,2023-06-23 11:22 +00:00
https://basicarts.org/before-you-rebrand-read-this/,2023-06-23 11:30 +00:00
https://basicarts.org/beyond-success-the-anatomy-of-greatness/,2023-06-23 11:43 +00:00
https://basicarts.org/dont-dream-big-dream-mediocre/,2023-06-23 11:45 +00:00
https://basicarts.org/a-definition-of-insight-thats-actually-useful/,2023-06-23 11:46 +00:00
https://basicarts.org/dont-plan-for-the-future-plan-for-the-past/,2023-06-23 11:49 +00:00
https://basicarts.org/the-most-powerful-market-force-nobody-talks-about/,2023-06-23 11:49 +00:00
https://basicarts.org/the-most-important-metric/,2023-06-23 11:50 +00:00
https://basicarts.org/what-does-a-strong-value-offering-look-like/,2023-06-23 11:52 +00:00
https://basicarts.org/why-are-startup-brands-so-boring/,2023-06-23 11:54 +00:00
https://basicarts.org/the-journey-to-irreplaceable-how-fb-brands-can-own-their-position-on-shelf/,2023-06-23 11:57 +00:00
https://basicarts.org/nike-and-the-concept-of-cultural-innovation/,2023-06-23 12:07 +00:00
https://basicarts.org/originality-is-overrated/,2023-06-23 12:09 +00:00
https://basicarts.org/why-most-businesses-have-no-strategy/,2023-06-23 12:11 +00:00
https://basicarts.org/how-to-go-where-your-competitors-cant/,2023-06-23 12:16 +00:00
https://basicarts.org/how-to-maximise-success-through-asymmetric-bets/,2023-06-23 12:17 +00:00
https://basicarts.org/the-targeting-paradox-why-the-best-brands-appeal-to-almost-nobody/,2023-06-23 13:15 +00:00
https://basicarts.org/if-in-doubt-just-be-weird/,2023-06-23 14:29 +00:00
https://basicarts.org/be-what-your-customers-are-not/,2023-06-23 14:30 +00:00
https://basicarts.org/the-problem-with-marketing-and-how-to-fix-it/,2023-06-23 14:32 +00:00
https://basicarts.org/know-your-enemy/,2023-06-23 14:41 +00:00
https://basicarts.org/you-are-not-your-product/,2023-06-23 14:42 +00:00
https://basicarts.org/nickelback-starbucks-and-the-power-of-in-authenticity/,2023-06-23 14:43 +00:00
https://basicarts.org/how-conformity-leads-to-conflict/,2023-06-23 14:44 +00:00
https://basicarts.org/fit-in-to-stand-out/,2023-06-23 14:45 +00:00
https://basicarts.org/selling-the-nightmare-what-happens-to-brands-with-weak-strategy/,2023-06-23 14:46 +00:00
https://basicarts.org/appreciating-scale-what-to-do-with-things-you-cant-control/,2023-06-23 14:48 +00:00
https://basicarts.org/the-creative-canvas-the-key-to-building-a-charismatic-business/,2023-06-23 14:49 +00:00
https://basicarts.org/innocent-21-jump-street-and-why-consistency-requires-constant-change/,2023-06-23 14:51 +00:00
https://basicarts.org/how-to-use-writing-to-solve-problems/,2023-06-23 14:52 +00:00
https://basicarts.org/glossary-of-strategic-ideas-volume-1/,2023-06-23 14:52 +00:00
https://basicarts.org/how-to-take-your-thinking-to-a-new-level-literally/,2023-06-23 14:53 +00:00
https://basicarts.org/sussex-royal-ad-agencies-and-the-danger-of-subjective-language/,2023-06-23 14:54 +00:00
https://basicarts.org/great-brands-are-clueless-too/,2023-06-23 14:55 +00:00
https://basicarts.org/the-cautionary-tale-of-only-fans-and-why-it-matters-to-your-business/,2023-06-23 14:56 +00:00
https://basicarts.org/go-big-or-go-home-why-the-mass-market-still-matters/,2023-06-23 14:58 +00:00
https://basicarts.org/the-most-underrated-strategic-tool/,2023-06-23 15:00 +00:00
https://basicarts.org/the-toilet-paper-rule/,2023-06-23 15:01 +00:00
https://basicarts.org/the-danger-of-knowing-too-much/,2023-06-23 15:04 +00:00
https://basicarts.org/hattable-brands-what-makes-a-business-a-cultural-icon/,2023-06-23 15:05 +00:00
https://basicarts.org/have-you-been-taught-the-wrong-way-to-think/,2023-06-23 15:06 +00:00
https://basicarts.org/how-successful-brands-die/,2023-06-23 15:06 +00:00
https://basicarts.org/sugar-sex-and-the-supernormal/,2023-06-23 15:07 +00:00
https://basicarts.org/how-to-make-eco-strategies-work/,2023-06-23 15:15 +00:00
https://basicarts.org/how-to-grow-a-strategic-culture/,2023-06-23 15:19 +00:00
https://basicarts.org/how-do-we-create-something-beautiful/,2023-06-23 15:21 +00:00
https://basicarts.org/armani-aspiration-and-the-decline-of-luxury/,2023-06-26 09:19 +00:00
https://basicarts.org/the-disappearance-of-the-original-mind/,2023-06-26 09:21 +00:00
https://basicarts.org/the-strategic-difference-that-really-counts/,2023-06-26 09:22 +00:00
https://basicarts.org/jobs-dating-and-treating-yourself-as-a-commodity/,2023-06-26 09:23 +00:00
https://basicarts.org/freddie-ljungberg-and-the-transformative-power-of-context/,2023-06-26 09:23 +00:00
https://basicarts.org/agile-vs-planned-and-why-wrong-is-sometimes-better-than-right/,2023-06-26 09:24 +00:00
https://basicarts.org/how-not-to-be-disrupted/,2023-06-26 09:27 +00:00
https://basicarts.org/there-are-two-types-of-strategy-which-do-you-need/,2023-06-26 09:28 +00:00
https://basicarts.org/cultural-imprinting-how-ads-really-work/,2023-06-26 09:44 +00:00
https://basicarts.org/master-or-servant-how-should-you-work-with-agencies/,2023-06-26 09:45 +00:00
https://basicarts.org/how-to-move-beyond-knowing-to-understanding/,2023-06-26 09:49 +00:00
https://basicarts.org/meta-addiction-and-the-strategy-of-attention/,2023-06-26 09:50 +00:00
https://basicarts.org/does-the-military-have-anything-to-teach-us-about-strategy/,2023-06-26 09:51 +00:00
https://basicarts.org/strategic-unity-how-to-blend-the-functional-with-the-emotional/,2023-06-26 09:52 +00:00
https://basicarts.org/the-most-simple-strategic-framework/,2023-06-26 09:55 +00:00
https://basicarts.org/is-there-such-thing-as-a-strategic-personality/,2023-06-26 09:56 +00:00
https://basicarts.org/the-opposites-game-how-to-tell-if-a-strategy-is-nonsense/,2023-06-26 09:57 +00:00
https://basicarts.org/the-danger-of-boring-yourself/,2023-06-26 09:58 +00:00
https://basicarts.org/the-post-cultural-myth-and-how-it-permeates-everything-we-do/,2023-06-26 10:00 +00:00
https://basicarts.org/can-a-person-have-a-strategy-like-a-business/,2023-06-26 10:01 +00:00
https://basicarts.org/are-you-living-by-lies/,2023-06-26 10:02 +00:00
https://basicarts.org/the-3-ways-to-judge-a-strategy/,2023-06-26 10:04 +00:00
https://basicarts.org/devil-on-your-shoulder-the-role-of-temptation-in-strategy/,2023-06-26 10:04 +00:00
https://basicarts.org/dont-do-this-the-reason-good-strategies-fail/,2023-06-26 10:06 +00:00
https://basicarts.org/does-culture-actually-eat-strategy-for-breakfast/,2023-06-26 10:28 +00:00
https://basicarts.org/the-great-flattening-a-visual-companion/,2023-06-26 10:29 +00:00
https://basicarts.org/5-tips-on-executing-strategy/,2023-06-26 10:30 +00:00
https://basicarts.org/the-correct-use-of-a-why-within-strategy/,2023-06-26 10:31 +00:00
https://basicarts.org/dont-try/,2023-06-26 10:32 +00:00
https://basicarts.org/the-thing-i-admire-most-about-founders/,2023-06-26 10:34 +00:00
https://basicarts.org/waitrose-the-cost-of-living-and-the-lure-of-the-trend-trap/,2023-06-26 10:35 +00:00
https://basicarts.org/the-secret-process-of-expert-thinkers/,2023-06-26 10:39 +00:00
https://basicarts.org/what-does-meaningful-work-really-look-like/,2023-06-26 10:41 +00:00
https://basicarts.org/if-you-want-to-do-great-marketing-never-use-this-word/,2023-06-26 10:42 +00:00
https://basicarts.org/google-enshittification-and-the-lure-of-parasite-brands/,2023-06-26 10:43 +00:00
https://basicarts.org/strategic-confidence-this-is-everything/,2023-06-26 10:44 +00:00
https://basicarts.org/anatomy-of-a-great-strategy-ford/,2023-06-26 10:46 +00:00
https://basicarts.org/the-lie-of-expertise/,2023-06-26 10:47 +00:00
https://basicarts.org/product-is-nothing-how-to-see-things-the-way-your-customers-do/,2023-06-26 10:48 +00:00
https://basicarts.org/the-thingness-of-strategy-the-mindset-shift-that-changes-everything/,2023-06-26 10:49 +00:00
https://basicarts.org/one-stupid-thing/,2023-06-26 10:50 +00:00
https://basicarts.org/dont-answer-a-need-create-it/,2023-06-26 10:50 +00:00
https://basicarts.org/availability-cascades-who-decides-whats-important-and-what-isnt/,2023-06-26 10:52 +00:00
https://basicarts.org/strategy-is-a-mess-heres-how-you-tidy-it-up/,2023-06-26 10:54 +00:00
https://basicarts.org/operational-vs-human-strategies/,2023-06-26 10:55 +00:00
https://basicarts.org/how-to-make-strategy-stick/,2023-06-26 10:56 +00:00
https://basicarts.org/chess-vs-ecosystems-whats-strategy-really-like/,2023-06-26 10:57 +00:00
https://basicarts.org/why-the-secret-of-climbing-higher-is-aiming-lower/,2023-06-26 10:59 +00:00
https://basicarts.org/you-have-a-responsibility-to-be-interesting/,2023-06-26 11:00 +00:00
https://basicarts.org/the-secret-process-of-expert-thinkers-2/,2023-06-26 11:02 +00:00
https://basicarts.org/the-way-is-now-the-hidden-path-and-heres-why/,2023-06-26 11:03 +00:00
https://basicarts.org/are-you-a-tyrannical-leader-without-even-realising/,2023-06-26 11:05 +00:00
https://basicarts.org/are-we-using-ai-backwards/,2023-06-26 11:18 +00:00
https://basicarts.org/strategy-needs-a-rebrand-heres-how-id-do-it/,2023-06-26 11:34 +00:00
https://basicarts.org/how-working-from-home-kills-strategy/,2023-06-26 11:37 +00:00
https://basicarts.org/the-magic-of-schwarzenegger-goals/,2023-06-29 16:34 +00:00
https://basicarts.org/how-a-team-of-accountants-created-the-greatest-brand-of-all-time/,2023-07-17 09:54 +00:00
https://basicarts.org/the-big-misunderstanding-about-brand/,2023-07-25 12:18 +00:00
https://basicarts.org/the-humility-hack-the-secret-weapon-of-great-ceos/,2023-08-01 09:40 +00:00
https://basicarts.org/the-shocking-truth-about-marketing-and-strategy/,2023-08-07 11:29 +00:00
https://basicarts.org/what-should-strategy-feel-like/,2023-08-15 15:47 +00:00
https://basicarts.org/want-to-know-my-strategy-here-it-is/,2023-08-21 14:53 +00:00
https://basicarts.org/how-to-use-goals-to-provoke-an-awesome-strategy/,2023-08-29 11:17 +00:00
https://basicarts.org/how-to-get-people-to-actually-give-a-damn-about-your-strategy/,2023-09-05 16:04 +00:00
https://basicarts.org/the-skill-behind-all-strategy/,2023-09-18 16:18 +00:00
https://basicarts.org/the-deep-strategic-error-that-keeps-you-poor/,2023-09-26 09:33 +00:00
https://basicarts.org/flood-your-ears-with-this-strategy-podcast-bonanza/,2023-10-03 13:13 +00:00
https://basicarts.org/to-create-great-strategy-youve-gotta-understand-this-tension/,2023-10-05 10:45 +00:00
https://basicarts.org/if-youre-serious-about-growth-you-must-drop-this-delusion/,2023-10-16 11:19 +00:00
https://basicarts.org/this-is-a-leaders-biggest-responsibility-but-nobody-talks-about-it/,2023-10-24 11:13 +00:00
https://basicarts.org/heres-how-i-know-when-ive-found-the-right-strategy/,2023-11-07 12:30 +00:00
https://basicarts.org/how-to-10x-your-strategy-with-one-conversation/,2023-11-14 17:05 +00:00
https://basicarts.org/the-one-word-missing-from-almost-every-strategy-i-see/,2023-11-21 15:03 +00:00
https://basicarts.org/ive-finally-figured-out-why-most-strategies-are-so-bad/,2023-11-28 15:24 +00:00
https://basicarts.org/the-cybertruck-is-another-strategic-masterclass-from-tesla/,2023-12-05 13:31 +00:00
https://basicarts.org/the-3-step-process-i-use-on-every-project/,2023-12-12 11:29 +00:00
https://basicarts.org/heres-a-brainless-shortcut-that-actually-works/,2023-12-19 13:36 +00:00
https://basicarts.org/this-is-the-best-way-to-learn-strategy-but-most-ignore-it/,2024-01-02 13:59 +00:00
https://basicarts.org/the-inability-that-leads-to-strategic-breakthroughs/,2024-01-09 14:09 +00:00
https://basicarts.org/should-you-actually-listen-to-your-customers/,2024-01-12 23:21 +00:00
https://basicarts.org/the-spiritual-war-between-management-and-strategy/,2024-01-23 18:24 +00:00
https://basicarts.org/how-to-write-and-talk-in-a-strategically-powerful-way/,2024-01-30 17:07 +00:00
https://basicarts.org/four-hard-truths-about-growing-an-audience/,2024-02-06 14:31 +00:00
https://basicarts.org/what-is-insight-speed-and-how-do-you-get-there/,2024-02-08 10:53 +00:00
https://basicarts.org/why-post-rationalised-strategies-are-better/,2024-02-20 11:11 +00:00
https://basicarts.org/how-to-use-woo-woo-magic-to-get-a-strategic-edge/,2024-02-27 15:30 +00:00
https://basicarts.org/7-sticky-statements-for-effortless-strategic-thinking/,2024-03-05 17:02 +00:00
https://basicarts.org/my-5-contrarian-beliefs-on-strategy/,2024-03-12 17:17 +00:00
https://basicarts.org/heres-why-these-debates-about-the-definition-of-strategy-are-so-dumb/,2024-03-19 17:19 +00:00
https://basicarts.org/three-indisputable-signs-you-have-no-strategy/,2024-03-26 10:21 +00:00
https://basicarts.org/three-reasons-great-strategists-think-more-about-style-than-substance/,2024-04-02 13:56 +00:00
https://basicarts.org/what-your-advertising-tells-you-about-your-strategy/,2024-04-09 17:14 +00:00
https://basicarts.org/four-useful-ways-to-think-about-insight/,2024-04-15 17:23 +00:00
https://basicarts.org/how-to-do-strategy-for-your-own-career/,2024-04-22 10:06 +00:00
https://basicarts.org/perhaps-we-need-to-kill-strategy-and-do-this-instead/,2024-04-30 11:52 +00:00
https://basicarts.org/but-seriously-does-strategy-even-matter/,2024-05-07 20:39 +00:00
https://basicarts.org/three-ways-to-know-if-youre-lying-to-yourself-in-your-strategy/,2024-05-09 12:10 +00:00
https://basicarts.org/the-no-bullshit-strategy-manifesto/,2024-05-20 15:22 +00:00
https://basicarts.org/strategy-as-a-cure-for-modern-malaise/,2024-05-29 14:58 +00:00
https://basicarts.org/how-do-you-know-when-your-strategy-is-good-enough/,2024-06-04 11:51 +00:00
https://basicarts.org/how-to-understand-strategy-at-the-deepest-even-cosmic-level/,2024-06-10 12:33 +00:00
https://basicarts.org/do-you-have-to-be-an-ahole-to-be-good-at-strategy/,2024-06-17 09:27 +00:00
https://basicarts.org/why-your-company-must-also-be-an-idea/,2024-06-25 07:30 +00:00
https://basicarts.org/heres-why-you-struggle-to-make-big-moves/,2024-06-27 14:05 +00:00
https://basicarts.org/you-arent-really-trying-to-grow-and-i-can-prove-it/,2024-07-08 15:51 +00:00
https://basicarts.org/literally-everything-i-know-about-business-in-3-bullet-points/,2024-07-10 15:34 +00:00
https://basicarts.org/forget-failure-heres-how-to-learn-from-success/,2024-07-22 15:05 +00:00
https://basicarts.org/the-only-3-ways-to-grow/,2024-07-29 10:48 +00:00
https://basicarts.org/sharing-my-vision-the-starbucks-of-strategy/,2024-08-05 10:46 +00:00
https://basicarts.org/the-5-strategic-mistakes-that-dont-look-like-mistakes/,2024-08-12 21:07 +00:00
https://basicarts.org/how-i-find-market-bending-strategies-without-even-trying/,2024-08-19 20:19 +00:00
https://basicarts.org/the-casino-technique-why-some-people-always-seem-to-win-and-others-struggle/,2024-08-27 12:51 +00:00
https://basicarts.org/struggling-with-your-messaging-its-easier-than-you-think/,2024-09-02 14:29 +00:00
https://basicarts.org/how-i-went-from-getting-fired-by-big-corporations-to-charging-them-20000-an-hour/,2024-10-02 09:41 +00:00
https://basicarts.org/recognise-this-signs-you-have-a-serious-strategy-problem/,2024-10-02 10:02 +00:00
https://basicarts.org/the-differentiation-trap-please-stop-making-this-mistake/,2024-10-02 10:03 +00:00
https://basicarts.org/the-two-most-powerful-words-in-business-use-them-constantly/,2024-10-02 10:07 +00:00
https://basicarts.org/three-ways-strategy-needs-to-change/,2024-10-08 10:19 +00:00
https://basicarts.org/i-think-liquid-death-is-the-most-significant-case-study-of-our-generation-heres-why/,2024-10-29 14:34 +00:00
https://basicarts.org/you-can-take-down-the-big-guys-heres-how/,2024-11-11 16:54 +00:00
https://basicarts.org/the-first-thing-you-should-do-the-art-of-picking-your-category/,2024-11-18 14:02 +00:00
https://basicarts.org/the-fatal-flaw-in-most-businesses-and-probably-yours-too/,2024-12-03 14:21 +00:00
https://basicarts.org/how-to-pick-your-audience-my-controversial-take/,2024-12-11 15:40 +00:00
https://basicarts.org/this-is-the-single-most-powerful-thing-any-business-can-have/,2024-12-17 14:33 +00:00
https://basicarts.org/master-these-two-stories-for-your-business/,2024-12-20 08:21 +00:00
https://basicarts.org/this-is-the-underrated-skill-i-want-to-master-in-2025/,2025-01-07 09:50 +00:00
https://basicarts.org/elite-strategic-thinking-boiled-down-to-just-two-words/,2025-01-14 14:17 +00:00
https://basicarts.org/if-you-want-success-at-anything-in-2025-this-is-non-negotiable/,2025-01-20 17:08 +00:00
https://basicarts.org/there-are-9-types-of-innovation-how-many-have-you-tried/,2025-01-28 16:47 +00:00
https://basicarts.org/yes-service-businesses-can-be-strategic-too-heres-how/,2025-02-03 10:36 +00:00
https://basicarts.org/you-have-an-unfair-advantage-but-you-dont-know-it/,2025-02-11 14:53 +00:00
https://basicarts.org/if-you-can-only-track-one-metric-make-it-this/,2025-02-18 15:18 +00:00
https://basicarts.org/this-article-will-give-you-a-strategy-in-under-6-minutes/,2025-02-24 12:00 +00:00
https://basicarts.org/this-is-what-a-founders-calendar-should-look-like-does-yours/,2025-03-03 14:06 +00:00
https://basicarts.org/niches-are-overrated-heres-how-to-make-something-with-mass-appeal/,2025-03-11 10:35 +00:00
https://basicarts.org/why-most-vision-statements-suck-and-how-to-make-one-that-doesnt/,2025-03-18 14:45 +00:00
https://basicarts.org/the-true-purpose-of-strategy/,2025-03-25 10:49 +00:00
https://basicarts.org/most-founders-ignore-their-most-powerful-marketing-asset/,2025-03-31 16:17 +00:00
https://basicarts.org/the-10-greatest-strategic-innovations-of-all-time/,2025-04-08 08:56 +00:00
https://basicarts.org/what-to-do-when-sht-hits-the-fan/,2025-04-21 07:41 +00:00
https://basicarts.org/most-business-programs-dont-work-heres-why/,2025-04-29 09:58 +00:00
https://basicarts.org/how-ai-can-and-cant-help-with-strategy/,2025-05-20 12:32 +00:00
https://basicarts.org/value-based-pricing-is-a-lie/,2025-05-27 09:40 +00:00
https://basicarts.org/strategy-is-not-a-team-sport/,2025-06-03 14:04 +00:00
https://basicarts.org/strategy-will-not-save-you-when-tactics-matter-more/,2025-06-09 11:52 +00:00
https://basicarts.org/how-to-write-your-strategy-in-4-lines/,2025-06-17 07:11 +00:00
https://basicarts.org/this-is-the-moment-in-your-business-where-you-must-think-about-strategy/,2025-06-23 14:46 +00:00
https://basicarts.org/what-is-the-point-of-brand-really/,2025-06-23 14:46 +00:00
https://basicarts.org/the-greatest-strategy-move-any-business-can-make/,2025-07-08 14:22 +00:00

